<?xml version="1.0" encoding="UTF-8"?>
<project-private xmlns="http://www.netbeans.org/ns/project-private/1">
    <editor-bookmarks xmlns="http://www.netbeans.org/ns/editor-bookmarks/2" lastBookmarkId="0"/>
    <open-files xmlns="http://www.netbeans.org/ns/projectui-open-files/2">
        <group>
            <file>file:/C:/Users/Ronny/Documents/Curso%20Programacion%20Orientada%20a%20Objetos%20I/Quiz%201/Proyecto1/src/Principal/Main.java</file>
            <file>file:/C:/Users/Ronny/Documents/Curso%20Programacion%20Orientada%20a%20Objetos%20I/Quiz%201/Proyecto1/src/Clases/Producto.java</file>
            <file>file:/C:/Users/Ronny/Documents/Curso%20Programacion%20Orientada%20a%20Objetos%20I/Quiz%201/Proyecto1/src/Clases/Procesos.java</file>
        </group>
    </open-files>
</project-private>
